[
  {
    "location": "Knoxville, Tennessee",
    "desc": "Mountain and lake views",
    "rating": 5.0,
    "price_per_night": 388,
    "dates_available": "Apr 16 – 21",
    "img": "01.jpg",
    "img2x": "01@2x.jpg"
  },
  {
    "location": "Sevierville, Tennessee",
    "desc": "Mountain views",
    "rating": 4.93,
    "price_per_night": 343,
    "dates_available": "Jun 5 – 10",
    "img": "02.jpg",
    "img2x": "02@2x.jpg"
  },
  {
    "location": "Branson, Missouri",
    "desc": "Mountain views",
    "rating": 5.0,
    "price_per_night": 388,
    "dates_available": "Apr 30 – May 5",
    "img": "03.jpg",
    "img2x": "03@2x.jpg"
  },
  {
    "location": "Chicago, Illinois",
    "desc": "City views",
    "rating": 4.72,
    "price_per_night": 326,
    "dates_available": "Apr 4 – 9",
    "img": "04.jpg",
    "img2x": "04@2x.jpg"
  },
  {
    "location": "Chicago, Illinois",
    "desc": "Lake and city views",
    "rating": 5.0,
    "price_per_night": 349,
    "dates_available": "Mar 4 – 9",
    "img": "05.jpg",
    "img2x": "05@2x.jpg"
  },
  {
    "location": "Sevierville, Tennessee",
    "desc": "Mountain and lake views",
    "rating": 4.82,
    "price_per_night": 255,
    "dates_available": "Mar 5 – 10",
    "img": "06.jpg",
    "img2x": "06@2x.jpg"
  },
  {
    "location": "Cassopolis, Michigan",
    "desc": "Lake views",
    "rating": 4.96,
    "price_per_night": 595,
    "dates_available": "Mar 5 – 10",
    "img": "07.jpg",
    "img2x": "07@2x.jpg"
  },
  {
    "location": "Tofte, Minnesota",
    "desc": "Beach and lake views",
    "rating": 4.89,
    "price_per_night": 170,
    "dates_available": "Mar 19 – 24",
    "img": "08.jpg",
    "img2x": "08@2x.jpg"
  },
  {
    "location": "Sevierville, Tennessee",
    "desc": "Mountain and park views",
    "rating": 4.94,
    "price_per_night": 229,
    "dates_available": "Mar 18 – 23",
    "img": "09.jpg",
    "img2x": "09@2x.jpg"
  },
  {
    "location": "Sevierville, Tennessee",
    "desc": "Mountain views",
    "rating": 4.93,
    "price_per_night": 199,
    "dates_available": "Apr 21 – 26",
    "img": "10.jpg",
    "img2x": "10@2x.jpg"
  },
  {
    "location": "Osage Beach, Missouri",
    "desc": "Lake and pool views",
    "rating": 4.85,
    "price_per_night": 850,
    "dates_available": "Mar 3 – 8",
    "img": "11.jpg",
    "img2x": "11@2x.jpg"
  },
  {
    "location": "Sevierville, Tennessee",
    "desc": "Mountain views",
    "rating": 4.96,
    "price_per_night": 428,
    "dates_available": "Mar 7 – 12",
    "img": "12.jpg",
    "img2x": "12@2x.jpg"
  }
]
